{
  "masked_static": {
    "config": "masked_static",
    "env": "single",
    "qlearn": {
      "algorithm": "Q-learning",
      "n_seeds": 30,
      "reward_mean": 6.920333333333334,
      "reward_std": 0.10737376978006129,
      "length_mean": 13.079666666666668,
      "length_std": 0.10737376978006138,
      "success_mean": 1.0,
      "success_std": 0.0
    },
    "sarsa": {
      "algorithm": "SARSA",
      "n_seeds": 30,
      "reward_mean": 6.920333333333333,
      "reward_std": 0.10715001837042121,
      "length_mean": 13.079666666666668,
      "length_std": 0.10715001837042132,
      "success_mean": 1.0,
      "success_std": 0.0
    },
    "ql_per_seed": {
      "reward": [
        6.826,
        7.068,
        7.006,
        6.868,
        6.802,
        6.82,
        6.926,
        7.01,
        6.892,
        6.84,
        6.914,
        6.866,
        6.918,
        7.104,
        7.024,
        7.09,
        6.976,
        6.98,
        6.764,
        6.946,
        6.738,
        6.812,
        6.986,
        6.86,
        6.972,
        6.732,
        7.042,
        6.794,
        7.07,
        6.964
      ],
      "length": [
        13.174,
        12.932,
        12.994,
        13.132,
        13.198,
        13.18,
        13.074,
        12.99,
        13.108,
        13.16,
        13.086,
        13.134,
        13.082,
        12.896,
        12.976,
        12.91,
        13.024,
        13.02,
        13.236,
        13.054,
        13.262,
        13.188,
        13.014,
        13.14,
        13.028,
        13.268,
        12.958,
        13.206,
        12.93,
        13.036
      ],
      "success": [
        1.0,
        1.0,
        1.0,
        1.0,
        1.0,
        1.0,
        1.0,
        1.0,
        1.0,
        1.0,
        1.0,
        1.0,
        1.0,
        1.0,
        1.0,
        1.0,
        1.0,
        1.0,
        1.0,
        1.0,
        1.0,
        1.0,
        1.0,
        1.0,
        1.0,
        1.0,
        1.0,
        1.0,
        1.0,
        1.0
      ]
    },
    "sa_per_seed": {
      "reward": [
        6.826,
        7.068,
        7.006,
        6.868,
        6.802,
        6.82,
        6.926,
        7.01,
        6.892,
        6.84,
        6.922,
        6.866,
        6.918,
        7.104,
        7.012,
        7.09,
        6.976,
        6.98,
        6.764,
        6.946,
        6.738,
        6.812,
        6.986,
        6.86,
        6.972,
        6.732,
        7.046,
        6.794,
        7.07,
        6.964
      ],
      "length": [
        13.174,
        12.932,
        12.994,
        13.132,
        13.198,
        13.18,
        13.074,
        12.99,
        13.108,
        13.16,
        13.078,
        13.134,
        13.082,
        12.896,
        12.988,
        12.91,
        13.024,
        13.02,
        13.236,
        13.054,
        13.262,
        13.188,
        13.014,
        13.14,
        13.028,
        13.268,
        12.954,
        13.206,
        12.93,
        13.036
      ],
      "success": [
        1.0,
        1.0,
        1.0,
        1.0,
        1.0,
        1.0,
        1.0,
        1.0,
        1.0,
        1.0,
        1.0,
        1.0,
        1.0,
        1.0,
        1.0,
        1.0,
        1.0,
        1.0,
        1.0,
        1.0,
        1.0,
        1.0,
        1.0,
        1.0,
        1.0,
        1.0,
        1.0,
        1.0,
        1.0,
        1.0
      ]
    },
    "wilcoxon_p": 1.0,
    "mean_diff": 0.0
  },
  "unmasked_static": {
    "config": "unmasked_static",
    "env": "single",
    "qlearn": {
      "algorithm": "Q-learning",
      "n_seeds": 30,
      "reward_mean": 6.920333333333333,
      "reward_std": 0.10684062682439614,
      "length_mean": 13.079666666666668,
      "length_std": 0.1068406268243963,
      "success_mean": 1.0,
      "success_std": 0.0
    },
    "sarsa": {
      "algorithm": "SARSA",
      "n_seeds": 30,
      "reward_mean": 6.2046,
      "reward_std": 0.9573322343348478,
      "length_mean": 13.726066666666664,
      "length_std": 0.8670106364273514,
      "success_mean": 0.9965333333333334,
      "success_std": 0.004546566217247487
    },
    "ql_per_seed": {
      "reward": [
        6.826,
        7.068,
        7.006,
        6.868,
        6.802,
        6.82,
        6.926,
        7.01,
        6.892,
        6.84,
        6.922,
        6.866,
        6.918,
        7.092,
        7.024,
        7.09,
        6.976,
        6.98,
        6.764,
        6.946,
        6.738,
        6.812,
        6.986,
        6.86,
        6.972,
        6.732,
        7.046,
        6.794,
        7.07,
        6.964
      ],
      "length": [
        13.174,
        12.932,
        12.994,
        13.132,
        13.198,
        13.18,
        13.074,
        12.99,
        13.108,
        13.16,
        13.078,
        13.134,
        13.082,
        12.908,
        12.976,
        12.91,
        13.024,
        13.02,
        13.236,
        13.054,
        13.262,
        13.188,
        13.014,
        13.14,
        13.028,
        13.268,
        12.954,
        13.206,
        12.93,
        13.036
      ],
      "success": [
        1.0,
        1.0,
        1.0,
        1.0,
        1.0,
        1.0,
        1.0,
        1.0,
        1.0,
        1.0,
        1.0,
        1.0,
        1.0,
        1.0,
        1.0,
        1.0,
        1.0,
        1.0,
        1.0,
        1.0,
        1.0,
        1.0,
        1.0,
        1.0,
        1.0,
        1.0,
        1.0,
        1.0,
        1.0,
        1.0
      ]
    },
    "sa_per_seed": {
      "reward": [
        4.396,
        7.064,
        7.006,
        5.222,
        5.97,
        6.82,
        6.918,
        6.986,
        6.88,
        6.832,
        6.09,
        5.632,
        6.842,
        7.096,
        4.584,
        4.64,
        4.93,
        6.956,
        4.318,
        6.938,
        5.11,
        5.56,
        6.986,
        6.048,
        6.964,
        5.504,
        7.038,
        6.79,
        7.07,
        6.948
      ],
      "length": [
        15.364,
        12.936,
        12.994,
        14.618,
        13.95,
        13.18,
        13.082,
        13.014,
        13.12,
        13.168,
        13.83,
        14.248,
        13.158,
        12.904,
        15.176,
        15.12,
        14.87,
        13.044,
        15.442,
        13.062,
        14.73,
        14.32,
        13.014,
        13.872,
        13.036,
        14.376,
        12.962,
        13.21,
        12.93,
        13.052
      ],
      "success": [
        0.988,
        1.0,
        1.0,
        0.992,
        0.996,
        1.0,
        1.0,
        1.0,
        1.0,
        1.0,
        0.996,
        0.994,
        1.0,
        1.0,
        0.988,
        0.988,
        0.99,
        1.0,
        0.988,
        1.0,
        0.992,
        0.994,
        1.0,
        0.996,
        1.0,
        0.994,
        1.0,
        1.0,
        1.0,
        1.0
      ]
    },
    "wilcoxon_p": 1.1586901525811894e-05,
    "mean_diff": 0.7157333333333333
  },
  "masked_decay": {
    "config": "masked_decay",
    "env": "single",
    "qlearn": {
      "algorithm": "Q-learning",
      "n_seeds": 30,
      "reward_mean": 6.920733333333333,
      "reward_std": 0.1075257574060612,
      "length_mean": 13.07926666666667,
      "length_std": 0.10752575740606125,
      "success_mean": 1.0,
      "success_std": 0.0
    },
    "sarsa": {
      "algorithm": "SARSA",
      "n_seeds": 30,
      "reward_mean": 6.920599999999999,
      "reward_std": 0.10766762392371863,
      "length_mean": 13.0794,
      "length_std": 0.10766762392371866,
      "success_mean": 1.0,
      "success_std": 0.0
    },