{
  "masked_static": {
    "config": "masked_static",
    "env": "multi",
    "qlearn": {
      "algorithm": "Q-learning",
      "n_seeds": 30,
      "reward_mean": 2.167,
      "reward_std": 2.40752737657654,
      "length_mean": 35.39033333333334,
      "length_std": 1.9772691082492486,
      "success_mean": 0.9387333333333333,
      "success_std": 0.010910081808009987
    },
    "sarsa": {
      "algorithm": "SARSA",
      "n_seeds": 30,
      "reward_mean": -13.320533333333334,
      "reward_std": 3.3971926719829577,
      "length_mean": 47.97653333333333,
      "length_std": 2.792411585774529,
      "success_mean": 0.8654666666666667,
      "success_std": 0.015826066087821458
    },
    "ql_per_seed": {
      "reward": [
        5.624,
        -1.172,
        3.822,
        2.268,
        4.98,
        3.158,
        -2.864,
        1.994,
        3.584,
        3.206,
        6.338,
        0.212,
        0.498,
        0.49,
        -1.312,
        0.354,
        5.832,
        1.788,
        3.282,
        2.974,
        4.304,
        4.31,
        2.432,
        -0.062,
        -2.342,
        1.532,
        3.348,
        1.472,
        4.742,
        0.218
      ],
      "length": [
        32.536,
        38.132,
        34.018,
        35.252,
        33.1,
        34.522,
        39.504,
        35.606,
        34.176,
        34.554,
        31.982,
        37.068,
        36.782,
        36.79,
        38.272,
        36.846,
        32.408,
        35.652,
        34.478,
        34.706,
        33.616,
        33.61,
        35.168,
        37.262,
        39.062,
        35.908,
        34.412,
        35.968,
        33.338,
        36.982
      ],
      "success": [
        0.954,
        0.924,
        0.946,
        0.938,
        0.952,
        0.942,
        0.916,
        0.938,
        0.944,
        0.944,
        0.958,
        0.932,
        0.932,
        0.93,
        0.924,
        0.93,
        0.956,
        0.936,
        0.944,
        0.942,
        0.948,
        0.948,
        0.94,
        0.928,
        0.918,
        0.936,
        0.944,
        0.936,
        0.952,
        0.93
      ]
    },
    "sa_per_seed": {
      "reward": [
        -9.566,
        -14.428,
        -11.868,
        -15.538,
        -11.928,
        -9.318,
        -8.68,
        -17.414,
        -11.258,
        -10.732,
        -15.332,
        -17.886,
        -8.82,
        -11.358,
        -16.208,
        -13.224,
        -15.82,
        -16.44,
        -17.486,
        -6.666,
        -7.836,
        -12.14,
        -14.134,
        -17.74,
        -13.774,
        -19.996,
        -15.222,
        -13.71,
        -10.452,
        -14.642
      ],
      "length": [
        44.846,
        48.828,
        46.828,
        49.698,
        46.808,
        44.678,
        44.2,
        51.494,
        46.218,
        45.852,
        49.612,
        51.726,
        44.34,
        46.318,
        50.368,
        47.864,
        49.98,
        50.56,
        51.326,
        42.506,
        43.556,
        46.94,
        48.614,
        51.78,
        48.414,
        53.436,
        49.542,
        48.27,
        45.652,
        49.042
      ],
      "success": [
        0.882,
        0.86,
        0.872,
        0.854,
        0.872,
        0.884,
        0.888,
        0.846,
        0.874,
        0.878,
        0.856,
        0.846,
        0.888,
        0.874,
        0.854,
        0.866,
        0.854,
        0.85,
        0.846,
        0.896,
        0.89,
        0.87,
        0.862,
        0.844,
        0.864,
        0.834,
        0.856,
        0.864,
        0.88,
        0.86
      ]
    },
    "wilcoxon_p": 1.862645149230957e-09,
    "mean_diff": 15.487533333333337
  },
  "unmasked_static": {
    "config": "unmasked_static",
    "env": "multi",
    "qlearn": {
      "algorithm": "Q-learning",
      "n_seeds": 30,
      "reward_mean": -1.6934,
      "reward_std": 2.8977135409693693,
      "length_mean": 38.55073333333334,
      "length_std": 2.3736639789695326,
      "success_mean": 0.9201999999999999,
      "success_std": 0.01339428596647555
    },
    "sarsa": {
      "algorithm": "SARSA",
      "n_seeds": 30,
      "reward_mean": -33.2324,
      "reward_std": 5.027060768721002,
      "length_mean": 64.43906666666666,
      "length_std": 4.236970314231404,
      "success_mean": 0.7705333333333333,
      "success_std": 0.024034075426552122
    },
    "ql_per_seed": {
      "reward": [
        0.652,
        3.684,
        -1.98,
        -2.486,
        -1.454,
        3.516,
        -0.638,
        -1.876,
        0.15,
        -3.986,
        3.306,
        -5.624,
        -0.172,
        -4.124,
        -4.934,
        -2.08,
        0.706,
        -2.23,
        -2.128,
        -1.174,
        0.25,
        0.274,
        1.07,
        -0.908,
        -6.924,
        -3.488,
        -8.038,
        -4.192,
        -0.838,
        -5.136
      ],
      "length": [
        36.628,
        34.156,
        38.78,
        39.126,
        38.334,
        34.244,
        37.678,
        38.796,
        36.97,
        40.426,
        34.454,
        41.784,
        37.412,
        40.764,
        41.294,
        38.8,
        36.574,
        39.03,
        38.848,
        38.054,
        36.87,
        36.926,
        36.45,
        37.868,
        42.764,
        40.008,
        43.718,
        40.592,
        37.878,
        41.296
      ],
      "success": [
        0.93,
        0.946,
        0.918,
        0.916,
        0.922,
        0.944,
        0.926,
        0.92,
        0.928,
        0.91,
        0.944,
        0.904,
        0.928,
        0.908,
        0.906,
        0.918,
        0.932,
        0.916,
        0.918,
        0.922,
        0.928,
        0.928,
        0.932,
        0.924,
        0.896,
        0.912,
        0.89,
        0.91,
        0.926,
        0.904
      ]
    },
    "sa_per_seed": {
      "reward": [
        -32.766,
        -32.206,
        -28.504,
        -29.01,
        -32.304,
        -24.954,
        -27.306,
        -30.724,
        -30.542,
        -33.404,
        -30.81,
        -43.936,
        -35.652,
        -38.41,
        -40.482,
        -32.746,
        -34.308,
        -32.538,
        -31.024,
        -31.728,
        -27.918,
        -32.008,
        -35.408,
        -39.686,
        -34.542,
        -44.988,
        -25.738,
        -41.27,
        -28.564,
        -33.496
      ],
      "length": [
        64.006,
        63.486,
        60.344,
        60.89,
        63.784,
        57.474,
        59.626,
        62.244,
        62.262,
        64.604,
        62.37,
        73.416,
        66.492,
        68.93,
        70.402,
        63.866,
        65.348,
        63.738,
        62.424,
        63.008,
        60.158,
        63.368,
        66.288,
        70.206,
        65.782,
        74.428,
        58.098,
        70.99,
        60.564,
        64.576
      ],
      "success": [
        0.772,
        0.776,
        0.794,
        0.79,
        0.774,
        0.81,
        0.798,
        0.784,
        0.782,
        0.77,
        0.782,
        0.72,
        0.76,
        0.744,
        0.738,
        0.774,
        0.766,
        0.774,
        0.782,
        0.778,
        0.794,
        0.776,
        0.76,
        0.738,
        0.764,
        0.712,
        0.806,
        0.734,
        0.794,
        0.77
      ]
    },
    "wilcoxon_p": 1.862645149230957e-09,
    "mean_diff": 31.539
  },
  "masked_decay": {
    "config": "masked_decay",
    "env": "multi",
    "qlearn": {
      "algorithm": "Q-learning",
      "n_seeds": 30,
      "reward_mean": 7.758333333333334,
      "reward_std": 2.2819442456444645,
      "length_mean": 30.852333333333334,
      "length_std": 1.8624042365259712,
      "success_mean": 0.9645999999999998,
      "success_std": 0.010727341798831886
    },
    "sarsa": {
      "algorithm": "SARSA",