{
  "masked_static": {
    "config": "masked_static",
    "env": "single",
    "map_size": "15x15",
    "qlearn": {
      "algorithm": "Q-learning",
      "n_seeds": 30,
      "reward_mean": -469.4734,
      "reward_std": 4.419834671584216,
      "length_mean": 470.67873333333324,
      "length_std": 4.245411948926977,
      "success_mean": 0.06026666666666668,
      "success_std": 0.008721488853177074
    },
    "sarsa": {
      "algorithm": "SARSA",
      "n_seeds": 30,
      "reward_mean": -475.6904,
      "reward_std": 5.3862704235734435,
      "length_mean": 476.6490666666667,
      "length_std": 5.173711473323128,
      "success_mean": 0.04793333333333335,
      "success_std": 0.010628307463572453
    },
    "ql_per_seed": {
      "reward": [
        -462.472,
        -471.616,
        -470.746,
        -464.568,
        -465.564,
        -472.63,
        -465.554,
        -462.476,
        -469.566,
        -476.68,
        -474.674,
        -472.706,
        -474.688,
        -469.642,
        -476.694,
        -466.536,
        -470.694,
        -472.658,
        -472.642,
        -469.596,
        -469.58,
        -469.624,
        -478.698,
        -469.572,
        -468.59,
        -462.556,
        -465.52,
        -468.538,
        -464.56,
        -464.562
      ],
      "length": [
        463.952,
        472.736,
        471.906,
        465.968,
        466.924,
        473.71,
        466.914,
        463.956,
        470.766,
        477.6,
        475.674,
        473.786,
        475.688,
        470.842,
        477.614,
        467.856,
        471.854,
        473.738,
        473.722,
        470.796,
        470.78,
        470.824,
        479.538,
        470.772,
        469.83,
        464.036,
        466.88,
        469.778,
        465.96,
        465.962
      ],
      "success": [
        0.074,
        0.056,
        0.058,
        0.07,
        0.068,
        0.054,
        0.068,
        0.074,
        0.06,
        0.046,
        0.05,
        0.054,
        0.05,
        0.06,
        0.046,
        0.066,
        0.058,
        0.054,
        0.054,
        0.06,
        0.06,
        0.06,
        0.042,
        0.06,
        0.062,
        0.074,
        0.068,
        0.062,
        0.07,
        0.07
      ]
    },
    "sa_per_seed": {
      "reward": [
        -465.492,
        -477.652,
        -478.782,
        -472.588,
        -472.604,
        -474.664,
        -474.616,
        -465.474,
        -473.604,
        -483.75,
        -477.652,
        -478.694,
        -480.74,
        -474.698,
        -479.742,
        -469.582,
        -482.788,
        -482.818,
        -466.67,
        -483.738,
        -477.642,
        -477.708,
        -482.734,
        -477.62,
        -468.592,
        -475.618,
        -471.576,
        -475.638,
        -468.55,
        -478.686
      ],
      "length": [
        466.852,
        478.532,
        479.622,
        473.668,
        473.684,
        475.664,
        475.616,
        466.834,
        474.644,
        484.39,
        478.532,
        479.534,
        481.5,
        475.698,
        480.542,
        470.782,
        483.468,
        483.498,
        467.99,
        484.378,
        478.522,
        478.588,
        483.414,
        478.5,
        469.832,
        476.578,
        472.696,
        476.598,
        469.79,
        479.526
      ],
      "success": [
        0.068,
        0.044,
        0.042,
        0.054,
        0.054,
        0.05,
        0.05,
        0.068,
        0.052,
        0.032,
        0.044,
        0.042,
        0.038,
        0.05,
        0.04,
        0.06,
        0.034,
        0.034,
        0.066,
        0.032,
        0.044,
        0.044,
        0.034,
        0.044,
        0.062,
        0.048,
        0.056,
        0.048,
        0.062,
        0.042
      ]
    },
    "wilcoxon_p": 1.30385160446167e-07,
    "mean_diff": 6.217000000000001
  },
  "unmasked_static": {
    "config": "unmasked_static",
    "env": "single",
    "map_size": "15x15",
    "qlearn": {
      "algorithm": "Q-learning",
      "n_seeds": 30,
      "reward_mean": -476.28620000000006,
      "reward_std": 5.11315413419154,
      "length_mean": 477.2208666666666,
      "length_std": 4.910969640426971,
      "success_mean": 0.04673333333333334,
      "success_std": 0.01010951526288846
    },
    "sarsa": {
      "algorithm": "SARSA",
      "n_seeds": 30,
      "reward_mean": -484.5882666666667,
      "reward_std": 3.920343606803148,
      "length_mean": 485.1949333333334,
      "length_std": 3.76593389922517,
      "success_mean": 0.030333333333333337,
      "success_std": 0.007720699152427768
    },
    "ql_per_seed": {
      "reward": [
        -467.518,
        -476.614,
        -479.726,
        -475.622,
        -472.592,
        -476.67,
        -470.578,
        -468.494,
        -471.576,
        -481.716,
        -475.66,
        -479.748,
        -479.7,
        -484.764,
        -480.714,
        -464.632,
        -482.776,
        -477.672,
        -482.732,
        -477.644,
        -476.636,
        -482.728,
        -474.702,
        -479.636,
        -476.642,
        -479.664,
        -473.6,
        -478.652,
        -470.588,
        -468.59
      ],
      "length": [
        468.798,
        477.534,
        480.526,
        476.582,
        473.672,
        477.59,
        471.738,
        469.734,
        472.696,
        482.436,
        476.62,
        480.548,
        480.5,
        485.364,
        481.474,
        466.032,
        483.456,
        478.552,
        483.412,
        478.524,
        477.556,
        483.408,
        475.702,
        480.436,
        477.562,
        480.464,
        474.64,
        479.492,
        471.748,
        469.83
      ],
      "success": [
        0.064,
        0.046,
        0.04,
        0.048,
        0.054,
        0.046,
        0.058,
        0.062,
        0.056,
        0.036,
        0.048,
        0.04,
        0.04,
        0.03,
        0.038,
        0.07,
        0.034,
        0.044,
        0.034,
        0.044,
        0.046,
        0.034,
        0.05,
        0.04,
        0.046,
        0.04,
        0.052,
        0.042,
        0.058,
        0.062
      ]
    },
    "sa_per_seed": {
      "reward": [
        -475.59,
        -483.73,
        -489.84,
        -486.77,
        -486.75,
        -484.756,
        -486.806,
        -482.682,
        -482.718,
        -487.824,
        -489.804,
        -486.784,
        -486.804,
        -485.75,
        -487.824,
        -482.774,
        -493.946,
        -484.754,
        -484.798,
        -480.71,
        -487.77,
        -486.784,
        -483.714,
        -480.664,
        -477.686,
        -484.734,
        -484.788,
        -480.698,
        -477.706,
        -481.69
      ],
      "length": [
        476.55,
        484.37,
        490.24,
        487.29,
        487.27,
        485.356,
        487.326,
        483.362,
        483.398,
        488.304,
        490.204,
        487.304,
        487.324,
        486.31,
        488.304,
        483.454,
        494.186,
        485.354,
        485.398,
        481.47,
        488.25,
        487.304,
        484.354,
        481.424,
        478.566,
        485.334,
        485.388,
        481.458,
        478.586,
        482.41
      ],
      "success": [
        0.048,
        0.032,
        0.02,
        0.026,
        0.026,
        0.03,
        0.026,
        0.034,
        0.034,
        0.024,
        0.02,
        0.026,
        0.026,
        0.028,
        0.024,
        0.034,
        0.012,
        0.03,
        0.03,
        0.038,
        0.024,
        0.026,
        0.032,
        0.038,
        0.044,
        0.03,
        0.03,
        0.038,
        0.044,
        0.036
      ]
    },
    "wilcoxon_p": 1.862645149230957e-09,
    "mean_diff": 8.302066666666658
  },